#,Sub-Area,Risk Reference,Control Objective,Controls Implemented,Testing Steps,Framework Reference,Required Evidence,Maturity Level,Result,Comments
1,الإطار العام للحوكمة (1.1),غياب إطار حوكمة واضح,التأكد من وجود إطار حوكمة IT رسمي معتمد,"إطار COBIT 2019 معتمد، لجنة حوكمة IT مشكّلة، خطة IT استراتيجية","1. الحصول على وثيقة الإطار والتحقق من الاعتماد
2. مراجعة محاضر لجنة IT لآخر 12 شهراً
3. التأكد من ربط خطة IT بأهداف العمل
4. التحقق من وجود KPIs لأداء IT
5. تقييم تضمين متطلبات قانون حماية البيانات","COBIT 2019 EDM01, ISO 27001 A.5.1, CBJ 2021 م.3",وثيقة الإطار معتمدة | محاضر لجنة IT | خطة IT الاستراتيجية | تقارير KPI,,
2,دور مجلس الإدارة (1.1),غياب رقابة مجلس الإدارة,التأكد من تلقّي مجلس الإدارة تقارير دورية,"تقارير IT ربع سنوية، بند ثابت بجدول أعمال المجلس","1. مراجعة محاضر مجلس الإدارة لآخر 12 شهراً
2. الحصول على تقارير IT المُقدَّمة للمجلس
3. التحقق من وجود لجنة تدقيق مستقلة
4. تقييم تدريب أعضاء المجلس","COBIT 2019 EDM01.02, ISO 27001 A.5.1, CBJ إطار الأمن",محاضر مجلس الإدارة | تقارير IT | سجلات لجنة التدقيق,,
3,السياسات والإجراءات (1.1),غياب سياسات معتمدة,التأكد من وجود منظومة سياسات IT شاملة,"مكتبة سياسات معتمدة: أمن المعلومات، إدارة الوصول، الاحتفاظ بالبيانات، BCP/DRP","1. قائمة السياسات المعتمدة وشموليتها
2. التحقق من الاعتماد وتاريخ المراجعة
3. مقارنة مع ISO 27001:2022
4. التحقق من نشر السياسات
5. مراجعة 5 سياسات عشوائياً","ISO 27001 A.5.1, COBIT 2019 APO01, تعليمات التدابير 2025 م.3",قائمة السياسات | تواريخ الاعتماد | سجلات الإبلاغ,,
4,الأدوار والمسؤوليات (1.2),غموض الأدوار,التأكد من تحديد أدوار IT بوضوح,"مصفوفة RACI، تعيين CISO، تعيين DPO رسمي","1. الحصول على مصفوفة RACI
2. التحقق من تعيين DPO (المادة 19/قانون 24/2023)
3. استقلالية DPO وخط إبلاغ مباشر
4. مراجعة وصف وظيفة CISO
5. وجود خلف معيّن لكل دور حرج","قانون 24/2023 م.19, ISO 27001 A.5.2, COBIT 2019 APO01.02",مصفوفة RACI | قرار تعيين DPO | وصف CISO,,
5,التوعية والتدريب (1.2),نقص الوعي,التأكد من تدريب كافٍ على الحوكمة,"برنامج تدريبي سنوي، جلسات خاصة للإدارة العليا، اختبارات قياس الفعالية","1. مراجعة خطة التدريب السنوية
2. تدريب متخصص لمجلس الإدارة
3. سجلات الحضور ونسب المشاركة
4. اختبارات Phishing Simulation
5. إجراءات للموظفين غير المستوفين","ISO 27001 A.6.3, NIST CSF GV.AT, CBJ تعليمات م.8, قانون 24/2023 م.9/ب",خطة التدريب | سجلات الحضور | نتائج Phishing | اختبارات الفعالية,,
6,مؤشرات الأداء (1.3),غياب KPIs,التأكد من وجود KPIs معتمدة,"لوحة KPIs ربع سنوية: وقت التشغيل، زمن الاستجابة، نسبة التدريب","1. قائمة KPIs المعتمدة والقابلة للقياس
2. تقارير KPI لآخر 4 أرباع
3. أهداف محددة (Targets) لكل KPI
4. KPIs تشمل الأمن السيبراني
5. رفع التقارير للإدارة العليا","COBIT 2019 MEA01, ISO 27001 A.9.1, NIST CSF GV.OC",قائمة KPIs | تقارير الأداء الربع سنوية | محاضر المراجعة,,
7,الامتثال التنظيمي (1.3),عدم الامتثال,التأكد من إطار متكامل للامتثال,"خريطة امتثال تنظيمي محدّثة، آلية متابعة التشريعات، تقارير دورية","1. خريطة الامتثال التنظيمي
2. آلية متابعة التشريعات الجديدة
3. آخر تقييم امتثال داخلي
4. خطة معالجة فجوات الامتثال
5. مخاطر عدم الامتثال بسجل المخاطر","قانون 24/2023, CBJ إطار الأمن, ISO 27001 A.5.31, A.5.36",خريطة الامتثال | تقرير التقييم | خطة المعالجة,,
8,التدقيق الداخلي (1.4),ضعف استقلالية التدقيق,التأكد من استقلالية التدقيق الداخلي,"ميثاق تدقيق معتمد، خط إبلاغ مباشر، صلاحية وصول كاملة","1. مراجعة ميثاق التدقيق الداخلي
2. خط إبلاغ للجنة التدقيق/مجلس الإدارة مباشرةً
3. صلاحية الوصول لجميع الأنظمة
4. خطة التدقيق السنوية وتغطيتها
5. متابعة تنفيذ التوصيات","معايير IIA, COBIT 2019 MEA02, ISO 27001 A.5.35",ميثاق التدقيق | خطة التدقيق | تقرير المتابعة,,
