#,رقم الضابط,اسم الضابط,وصف الضابط,الهدف من الضابط,المخاطر المرتبطة,خطوات التنفيذ,معايير القياس,دليل الاختبار,مالك الضابط,تكرار المراجعة,حالة التطبيق
1,HRMS-C-001,مصفوفة الأدوار والصلاحيات,إنشاء وتوثيق مصفوفة واضحة تحدد الصلاحيات المسموح بها لكل دور وظيفي,ضمان أن الصلاحيات تتطابق بالضبط مع المتطلبات الوظيفية,HRMS-001 | HRMS-006 | HRMS-010,1. توثيق الأدوار الأساسية في HRMS 2. تحديد الصلاحيات المطلوبة لكل دور 3. توثيق المصفوفة والحصول على الموافقة 4. تنفيذها في النظام,مصفوفة موثقة | موافقة من الإدارة | تطبيق في النظام,عرض المصفوفة | التحقق من الموافقة | اختبار عشوائي لـ 10 موظفين,HRMS Admin & HR Manager,سنوي,تطبيق جزئي
2,HRMS-C-002,عملية طلب وموافقة الصلاحيات,إنشاء عملية رسمية موثقة لطلب منح الصلاحيات مع موافقة من المدير والإدارة,ضمان أن كل صلاحية يتم منحها بناءً على موافقة رسمية موثقة,HRMS-002 | HRMS-001,1. تصميم نموذج طلب صلاحيات 2. تحديد مستويات الموافقة (Manager, Director, HR) 3. توثيق العملية 4. تنفيذ في HRMS أو نظام تتبع,نموذج موثق | نظام تتبع الطلبات | سجلات الموافقة,مراجعة 20 طلب صلاحيات | التحقق من الموافقات | فحص سجل التتبع,HR Manager & HRMS Admin,ربع سنوي,تطبيق أساسي
3,HRMS-C-003,عملية تحديث الصلاحيات عند تغيير الوظيفة,إنشاء عملية آلية أو منظمة لإزالة الصلاحيات القديمة وتعيين جديدة عند تغيير الموظف,ضمان عدم بقاء صلاحيات غير ضرورية بعد تغيير الوظيفة,HRMS-003 | HRMS-006,1. إعداد قائمة بالتغييرات الوظيفية الشهرية 2. مراجعة الصلاحيات الحالية 3. إزالة القديمة وتعيين الجديدة 4. توثيق التغييرات,قائمة تغييرات شهرية | سجل التغييرات | موافقة من HR,مراجعة 10 تغييرات وظيفية | التحقق من إزالة الصلاحيات القديمة | فحص الصلاحيات الجديدة,HRMS Admin & HR Manager,شهري,تطبيق جزئي
4,HRMS-C-004,عملية فوري لإلغاء صلاحيات الموظفين المنتهية خدماتهم,إنشاء عملية سريعة (في نفس اليوم) لإلغاء جميع الصلاحيات عند انتهاء الموظف,ضمان عدم استمرار الوصول بعد الإنهاء,HRMS-004 | HRMS-005,1. تلقي إشعار من HR بانتهاء الموظف 2. إلغاء الصلاحيات في HRMS فوراً 3. توثيق الإلغاء 4. إرسال تأكيد,إجراء موثق | تنبيه فوري | سجل الإلغاء,مراجعة 5 حالات انتهاء | التحقق من فورية الإلغاء | فحص السجل,HRMS Admin & IT Ops,فوري,تطبيق أساسي
5,HRMS-C-005,مراجعة دورية للحسابات المتروكة,إجراء مراجعة دورية (ربع سنوية) للتحقق من وجود حسابات متروكة بدون نشاط,تحديد والقضاء على حسابات Orphan,HRMS-005,1. سحب تقرير بآخر نشاط لكل مستخدم 2. تحديد الحسابات الخامدة (6 أشهر بدون نشاط) 3. التحقق من الحالة 4. إغلاق الحسابات غير المبررة,تقرير النشاط | قائمة الحسابات الخاملة | توثيق الإجراء,سحب التقرير | فحص الحسابات المحددة | التحقق من الإغلاق,HRMS Admin,ربع سنوي,غير مطبق
6,HRMS-C-006,مراقبة Privilege Creep,مراقبة دورية (ربع سنوية) للصلاحيات المتراكمة التي تتجاوز الحد الأدنى المطلوب,ضمان عدم تجاوز الصلاحيات لمبدأ أقل صلاحية,HRMS-006,1. سحب تقرير الصلاحيات لكل مستخدم 2. مقارنة مع المصفوفة المعتمدة 3. تحديد الصلاحيات الزائدة 4. إزالتها بموافقة,تقرير الصلاحيات | قائمة الزيادات | توثيق الإزالة,سحب التقرير | فحص 20 مستخدم | التحقق من الإزالة,HRMS Admin,ربع سنوي,تطبيق جزئي
7,HRMS-C-007,تقييد الوصول إلى بيانات الرواتب,تطبيق قيود وصول قوية بحيث يقتصر الوصول على من يحتاج وظيفياً فقط,منع الوصول غير المبرر إلى البيانات الحساسة,HRMS-007 | HRMS-015,1. تحديد من يحتاج لكل بيانات رواتب 2. تطبيق قيود الوصول في النظام 3. تسجيل جميع الوصول 4. مراجعة دورية,قيود وصول موثقة | سجل الوصول | موافقة من Finance,اختبار الوصول | فحص السجل | مراجعة 10 حالات,HRMS Admin & Finance,ربع سنوي,تطبيق أساسي
8,HRMS-C-008,فصل الواجبات في تعديل الرواتب,فرض فصل واجبات حتمي بحيث لا يستطيع الشخص تعديل الراتب والموافقة عليه,منع التلاعب والاحتيال في الرواتب,HRMS-008,1. توثيق العملية (من يعدل، من يوافق) 2. تطبيق في النظام (منع الموافقة من محرر) 3. سجل كامل للتعديلات 4. مراجعة شهرية,عملية موثقة | إعدادات النظام | سجل التعديلات,فحص إعدادات HRMS | اختبار التعديلات | مراجعة 10 تعديلات,Finance & HRMS Admin,شهري,تطبيق شامل
9,HRMS-C-009,فصل الواجبات في تعديل بيانات الموظف,فرض فصل واجبات بحيث لا يستطيع الشخص تعديل البيانات والموافقة عليها,منع التعديلات الاحتيالية على بيانات الموظفين,HRMS-009,1. توثيق العملية (من يعدل، من يوافق) 2. تطبيق في النظام 3. سجل كامل للتعديلات 4. مراجعة دورية,عملية موثقة | إعدادات النظام | سجل التعديلات,فحص إعدادات HRMS | اختبار التعديلات | مراجعة 10 تعديلات,HR & HRMS Admin,شهري,تطبيق شامل
10,HRMS-C-010,تقليل الصلاحيات الإدارية,مراجعة وتقليل صلاحيات Administrator إلى الحد الأدنى الضروري مع مبرر واضح,تقليل نقاط الدخول غير المراقبة,HRMS-010,1. مراجعة جميع حسابات Admin 2. تحديد من يحتاجها فعلاً 3. إزالة الزائدة 4. توثيق المبررات,قائمة Admin موثقة | مبررات واضحة | سجل الإزالة,سحب تقرير Admin | فحص المبررات | التحقق من الإزالة,HRMS Admin & CISO,سنوي,تطبيق أساسي
11,HRMS-C-011,حسابات فردية إلزامية,فرض استخدام حسابات فردية لكل مسؤول بدل الحسابات المشتركة,ضمان قابلية تتبع المسؤوليات والأنشطة,HRMS-011,1. مراجعة الحسابات الحالية 2. إنشاء حسابات فردية 3. حذف الحسابات المشتركة 4. توثيق,قائمة الحسابات الفردية | حذف المشتركة | سجل التغيير,فحص الحسابات | اختبار الوصول | مراجعة السجل,HRMS Admin & IT Security,سنوي,تطبيق أساسي
12,HRMS-C-012,مراجعة دورية للصلاحيات (Access Recertification),إجراء مراجعة شاملة دورية (ربع سنوية) حيث يوافق المديرون على الصلاحيات الحالية,ضمان أن الصلاحيات لا تزال ضرورية وصحيحة,HRMS-006 | HRMS-012 | HRMS-015,1. إعداد قائمة بصلاحيات كل موظف 2. إرسالها للمدير 3. الموافقة أو الطلب بالإزالة 4. توثيق النتائج,قائمة الصلاحيات | تأكيدات المديرين | توثيق الإجراءات,سحب القائمة | فحص التأكيدات | مراجعة الإجراءات,HR Manager & HRMS Admin,ربع سنوي,تطبيق جزئي
13,HRMS-C-013,سجل شامل وآمن لتغييرات الصلاحيات,إنشاء سجل مركزي وآمن يتتبع جميع تغييرات الصلاحيات مع من قام بالتغيير ومتى,تمكين التدقيق والتحقيق,HRMS-013 | HRMS-016,1. تفعيل تسجيل التغييرات في HRMS 2. حماية السجلات من التعديل 3. الاحتفاظ بها 12 شهراً 4. نسخ احتياطية,تسجيل مفعّل | حماية السجل | نسخ احتياطية,فحص إعدادات التسجيل | اختبار عينة من السجلات | التحقق من الحماية,HRMS Admin & IT Security,شهري,تطبيق جزئي
14,HRMS-C-014,قيود التصدير والمشاركة,تطبيق قيود على تصدير بيانات الموظفين مع موافقة وتسجيل,منع التسرب غير المصرح للبيانات الحساسة,HRMS-014 | HRMS-015,1. تحديد من يمكنه التصدير 2. تفعيل الموافقة قبل التصدير 3. تسجيل جميع عمليات التصدير 4. مراجعة دورية,قيود موثقة | نظام موافقة | سجل التصدير,فحص الإعدادات | اختبار التصدير | مراجعة السجل,HRMS Admin & DPO,شهري,تطبيق أساسي
15,HRMS-C-015,تطبيق مبدأ أقل صلاحية (Least Privilege),ضمان أن كل موظف يحصل على أقل صلاحيات ضرورية لأداء وظيفته فقط,تقليل سطح التعرض للخطر,HRMS-001 | HRMS-006 | HRMS-015,1. تصميم مصفوفة بناءً على الحد الأدنى 2. توثيقها 3. تنفيذها 4. مراجعة دورية,مصفوفة موثقة | تطبيق في النظام | مراجعة دورية,فحص المصفوفة | اختبار 20 موظف | مراجعة الدورية,HRMS Admin & CISO,سنوي,تطبيق أساسي
16,HRMS-C-016,مراقبة وتنبيهات الأنشطة المريبة,تطبيق نظام مراقبة وتنبيهات تكتشف الأنشطة غير المعتادة (محاولات وصول متكررة فاشلة، تصدير كميات كبيرة، إلخ),الكشف المبكر والاستجابة السريعة للحوادث,HRMS-016 | HRMS-001,1. تحديد الأنشطة المريبة 2. إعداد قواعل تنبيه 3. تطبيقها في النظام 4. مراجعة التنبيهات,قواعل تنبيه موثقة | نظام مراقبة | سجل التنبيهات,فحص القواعل | اختبار التنبيهات | مراجعة السجل,HRMS Admin & CISO,شهري,غير مطبق
17,HRMS-C-017,تشفير البيانات أثناء النقل,تطبيق تشفير قوي (TLS/SSL) على جميع اتصالات HRMS سواء داخلية أو خارجية,حماية البيانات من الاعتراض والتسرب,HRMS-017,1. مراجعة إعدادات HTTPS 2. فعّل TLS 1.2+ 3. استخدم شهادات صحيحة 4. اختبار دوري,HTTPS مفعّل | TLS 1.2+ | شهادات صحيحة,فحص الإعدادات | اختبار SSL/TLS | التحقق من الشهادات,IT Security & Network Team,سنوي,تطبيق شامل
18,HRMS-C-018,نسخ احتياطية قوية ومنتظمة,إجراء نسخ احتياطية يومية على الأقل مع اختبار دوري للاسترجاع,ضمان استمرارية البيانات والعمليات,HRMS-018,1. جدولة نسخ احتياطية يومية 2. تخزين آمن 3. اختبار استرجاع شهري 4. توثيق,جدول نسخ احتياطية | التخزين الآمن | اختبارات الاسترجاع,فحص الجدول | اختبار الاسترجاع | مراجعة التوثيق,IT Ops,يومي/شهري,تطبيق شامل
19,HRMS-C-019,إدارة التحديثات الأمنية والتصحيحات,تطبيق التحديثات والتصحيحات الأمنية بسرعة (خلال 30 يوم من الإصدار),تقليل الثغرات المعروفة والاستغلال,HRMS-019,1. متابعة التحديثات من المورد 2. اختبارها في بيئة آمنة 3. تطبيقها 4. توثيق,خطة تحديثات | اختبارات | توثيق التطبيق,مراجعة الخطة | اختبار التحديثات | مراجعة التوثيق,IT Ops & Vendor Management,عند الحاجة,تطبيق جزئي
20,HRMS-C-020,خطة استمرارية العمل والكوارث (BCP/DRP),توثيق وتطبيق خطة شاملة لضمان استمرارية HRMS عند الكوارث,ضمان التعافي السريع والعودة للعمل,HRMS-020,1. توثيق خطة BCP/DRP 2. تحديد RTO/RPO 3. موقع بديل 4. اختبار نصف سنوي,خطة موثقة | RTO/RPO محددة | موقع بديل | اختبارات,مراجعة الخطة | اختبار البطة | مراجعة النتائج,IT Ops & HRMS Team,نصف سنوي,تطبيق أساسي
