#,Risk ID,بيان الخطر (Risk Statement),وصف الخطر,الفئة,الاحتمالية,التأثير,درجة الخطر الكامنة,الضوابط الموجودة,مالك الضابط,درجة الخطر المتبقية,معالجة الخطر,الحالة,منطقة التدقيق
1,HRMS-001,قد تؤدي صلاحيات غير متوافقة مع الدور الوظيفي إلى وصول غير مصرح وتضارب مسؤوليات,منح صلاحيات لا تتطابق مع متطلبات الوظيفة الفعلية للموظف,Access Control,High,High,Critical,مصفوفة الأدوار والصلاحيات جزئية,HR & HRMS Admin,High,Mitigate - ضوابط وصول قوية,Active,HRMS Access Management
2,HRMS-002,قد تؤدي الموافقات غير الموثقة إلى منح صلاحيات غير مصرحة,منح صلاحيات دون الحصول على موافقة من المدير المباشر أو الإدارة المختصة,Access Control,High,High,Critical,عملية موافقة أساسية موجودة,HR Manager,High,Mitigate - عملية موافقة قوية,Active,HRMS Access Management
3,HRMS-003,قد تؤدي الصلاحيات المتبقية إلى وصول متبقي غير مصرح بعد تغيير الوظيفة,عدم إزالة الصلاحيات القديمة عند تغيير الموظف لوظيفة جديدة,Access Control,High,High,Critical,إجراء تغيير يدوي موجود,HR & HRMS Admin,High,Mitigate - عملية تحديث آلية,Active,HRMS Access Management
4,HRMS-004,قد تؤدي التأخيرات إلى استمرار وصول الموظفين المنتهية خدماتهم,تأخر كبير في إلغاء صلاحيات الموظفين المنتهية خدماتهم,Access Control,High,High,Critical,عملية إنهاء يدوية موجودة,HR & HRMS Admin,High,Mitigate - عملية إنهاء آلية فورية,Active,HRMS Access Management
5,HRMS-005,قد تؤدي الحسابات المتروكة إلى وصول غير معروف والتلاعب بالبيانات,وجود حسابات مستخدمين متروكة بدون مالك أو نشاط (Orphan Accounts),Access Control,High,High,Critical,مراجعة حسابات سنوية فقط,HRMS Admin,High,Mitigate - مراجعة ربع سنوية,Active,HRMS Access Management
6,HRMS-006,قد تؤدي الصلاحيات المتراكمة إلى تجاوز مبدأ أقل صلاحية,تراكم الصلاحيات بشكل تدريجي بدون إزالة القديمة (Privilege Creep),Access Control,High,High,Critical,مراقبة جزئية للصلاحيات,HRMS Admin,High,Mitigate - مراقبة دورية قوية,Active,HRMS Access Management
7,HRMS-007,قد يؤدي الوصول غير المبرر إلى بيانات الرواتب إلى تسرب بيانات حساسة,وصول غير مصرح لموظفين بدون حاجة وظيفية لبيانات الرواتب والتعويضات,Access Control,High,High,Critical,قيود وصول أساسية موجودة,HRMS Admin & HR,High,Mitigate - قيود وصول قوية,Active,HRMS Access Management & Data Protection
8,HRMS-008,قد تؤدي صلاحيات التعديل والموافقة لنفس الشخص إلى احتيال والتلاعب,إمكانية تعديل بيانات الرواتب والموافقة عليها من قبل نفس المستخدم,Access Control,High,High,Critical,فصل واجبات أساسي موجود,Finance & HRMS Admin,High,Mitigate - فصل واجبات قوي,Active,HRMS Access Management & Financial Controls
9,HRMS-009,قد تؤدي الموافقة الذاتية إلى تعديل بيانات خاطئة أو احتيالية,إمكانية تعديل بيانات الموظف والموافقة عليها من قبل نفس المستخدم,Access Control,High,High,Critical,فصل واجبات أساسي موجود,HR & HRMS Admin,High,Mitigate - فصل واجبات قوي,Active,HRMS Access Management
10,HRMS-010,قد تؤدي الصلاحيات الإدارية المفرطة إلى وصول غير مراقب,منح صلاحيات Administrator بدون مبرر حقيقي أو فصل مناسب,Access Control,High,High,Critical,قيود صلاحيات أساسية موجودة,HRMS Admin,High,Mitigate - تقليل الصلاحيات الإدارية,Active,HRMS Access Management
11,HRMS-011,قد تؤدي الحسابات المشتركة إلى عدم إمكانية تتبع المسؤوليات,استخدام حسابات إدارية مشتركة بدون حساب فردي لكل مسؤول,Access Control,High,High,Critical,حسابات فردية أساسية موجودة,HRMS Admin,High,Mitigate - حساب فردي إلزامي,Active,HRMS Access Management & Audit Trail
12,HRMS-012,قد تؤدي عدم المراجعة الدورية إلى تراكم الصلاحيات غير المصرحة,عدم إجراء مراجعة دورية وشاملة لصلاحيات الموظفين (Access Recertification),Access Control,High,Medium,High,مراجعة سنوية فقط موجودة,HR & HRMS Admin,Medium,Mitigate - مراجعة ربع سنوية,Active,HRMS Access Management & Compliance
13,HRMS-013,قد يؤدي غياب السجل إلى عدم إمكانية التحقيق والتدقيق,غياب سجل شامل وآمن لجميع تغييرات الصلاحيات والوصول,Audit Trail,High,High,Critical,سجل أساسي موجود,HRMS Admin,High,Mitigate - سجل شامل وآمن,Active,HRMS Access Management & Audit Trail
14,HRMS-014,قد يؤدي التصدير غير المحدود إلى تسرب بيانات الموظفين,إمكانية تصدير بيانات الموظفين دون قيود أو موافقات,Data Protection,High,High,Critical,قيود تصدير أساسية موجودة,HRMS Admin,High,Mitigate - قيود تصدير قوية,Active,HRMS Access Management & Data Protection
15,HRMS-015,قد تؤدي عدم تقييد الوصول إلى وصول متوسع للبيانات الحساسة,عدم تطبيق مبدأ أقل صلاحية على البيانات الحساسة والشخصية,Access Control,High,High,Critical,قيود وصول أساسية موجودة,HRMS Admin & DPO,High,Mitigate - قيود وصول قوية ومرنة,Active,HRMS Access Management & Data Protection
16,HRMS-016,قد تؤدي عدم المراقبة إلى عدم اكتشاف الانتهاكات,غياب مراقبة وتنبيهات لأنشطة مريبة في نظام HRMS,Monitoring,High,High,Critical,تسجيل أساسي موجود,HRMS Admin & CISO,High,Mitigate - مراقبة وتنبيهات قوية,Active,HRMS Access Management & Monitoring
17,HRMS-017,قد يؤدي إلى تسرب البيانات الحساسة عند النقل,عدم تشفير البيانات المنقولة من/إلى HRMS,Data Protection,High,High,Critical,تشفير جزئي موجود,HRMS Admin & Network Team,High,Mitigate - تشفير شامل,Active,HRMS Access Management & Data Protection
18,HRMS-018,قد يؤدي إلى فقدان البيانات والقدرة على الاسترجاع,نسخ احتياطية غير كاملة أو غير منتظمة لبيانات HRMS,Data Protection,High,High,Critical,نسخ احتياطية أساسية موجودة,IT Ops,High,Mitigate - نسخ احتياطية قوية,Active,HRMS Access Management & Business Continuity
19,HRMS-019,قد تؤدي الثغرات إلى اختراق النظام والوصول غير المصرح,عدم تطبيق التحديثات والتصحيحات الأمنية بسرعة,Security Patch,High,High,Critical,تحديثات أساسية موجودة,IT Ops & Vendor,High,Mitigate - إدارة تحديثات قوية,Active,HRMS Access Management & System Security
20,HRMS-020,قد تؤدي الفشل التام إلى فقدان الخدمة والبيانات,غياب أو ضعف خطة استمرارية العمل والكوارث لـ HRMS,Business Continuity,High,High,Critical,خطة BCP أساسية موجودة,IT Ops & HRMS Team,High,Mitigate - خطة BCP قوية,Active,HRMS Access Management & Business Continuity
